{"cameraMode":{"drawMode":0,"name":"Shaded","section":"Shading Mode"},"sceneLighting":false,"audioPlay":false,"sceneViewState":{"m_AlwaysRefresh":false,"showFog":false,"showSkybox":false,"showFlares":false,"showImageEffects":false,"showParticleSystems":false,"showVisualEffectGraphs":false,"m_FxEnabled":true},"in2DMode":false,"pivot":{"x":0.060648441314697269,"y":-0.003817230463027954,"z":0.11868630349636078},"rotation":{"x":-0.06861696392297745,"y":0.915335476398468,"z":-0.17680566012859345,"w":-0.35523471236228945},"size":1.1974256038665772,"orthographic":false}