{"cameraMode":{"drawMode":0,"name":"Shaded","section":"Shading Mode"},"sceneLighting":true,"audioPlay":false,"sceneViewState":{"m_AlwaysRefresh":false,"showFog":false,"showSkybox":false,"showFlares":false,"showImageEffects":false,"showParticleSystems":false,"showVisualEffectGraphs":false,"m_FxEnabled":true},"in2DMode":false,"pivot":{"x":25.974971771240236,"y":2.4808874130249025,"z":78.21185302734375},"rotation":{"x":-0.0014723108615726233,"y":-0.5673689842224121,"z":-0.0010186127619817854,"w":0.8234692811965942},"size":15.35678768157959,"orthographic":false}